1632412767.0,"Sep 23, 2021",15:59:27,7153.797887
1632412768.0,"Sep 23, 2021",15:59:28,8922.346113
1632412769.0,"Sep 23, 2021",15:59:29,10000.000000
1632412770.0,"Sep 23, 2021",15:59:30,10000.000000
1632412771.0,"Sep 23, 2021",15:59:31,10000.000000
1632412772.0,"Sep 23, 2021",15:59:32,10000.000000
1632412773.0,"Sep 23, 2021",15:59:33,10000.000000
1632412774.0,"Sep 23, 2021",15:59:34,10000.000000
1632412775.0,"Sep 23, 2021",15:59:35,10000.000000
1632412776.0,"Sep 23, 2021",15:59:36
1632412777.0,"Sep 23, 2021",15:59:37
1632412778.0,"Sep 23, 2021",15:59:38
1632412779.0,"Sep 23, 2021",15:59:39
1632412780.0,"Sep 23, 2021",15:59:40
1632412781.0,"Sep 23, 2021",15:59:41
1632412782.0,"Sep 23, 2021",15:59:42
1632412783.0,"Sep 23, 2021",15:59:43
1632412784.0,"Sep 23, 2021",15:59:44
1632412785.0,"Sep 23, 2021",15:59:45
1632412786.0,"Sep 23, 2021",15:59:46
1632412787.0,"Sep 23, 2021",15:59:47
1632412788.0,"Sep 23, 2021",15:59:48
1632412789.0,"Sep 23, 2021",15:59:49
1632412790.0,"Sep 23, 2021",15:59:50
1632412791.0,"Sep 23, 2021",15:59:51
1632412792.0,"Sep 23, 2021",15:59:52
1632412793.0,"Sep 23, 2021",15:59:53
1632412794.0,"Sep 23, 2021",15:59:54
1632412795.0,"Sep 23, 2021",15:59:55
1632412796.0,"Sep 23, 2021",15:59:56
1632412797.0,"Sep 23, 2021",15:59:57
1632412798.0,"Sep 23, 2021",15:59:58
1632412799.0,"Sep 23, 2021",15:59:59
1632412800.0,"Sep 23, 2021",16:00:00
1632412801.0,"Sep 23, 2021",16:00:01
1632412802.0,"Sep 23, 2021",16:00:02
1632412803.0,"Sep 23, 2021",16:00:03
1632412804.0,"Sep 23, 2021",16:00:04
1632412805.0,"Sep 23, 2021",16:00:05
1632412806.0,"Sep 23, 2021",16:00:06
1632412807.0,"Sep 23, 2021",16:00:07
1632412808.0,"Sep 23, 2021",16:00:08
1632412809.0,"Sep 23, 2021",16:00:09
1632412810.0,"Sep 23, 2021",16:00:10
1632412811.0,"Sep 23, 2021",16:00:11
1632412812.0,"Sep 23, 2021",16:00:12
1632412813.0,"Sep 23, 2021",16:00:13
1632412814.0,"Sep 23, 2021",16:00:14
1632412815.0,"Sep 23, 2021",16:00:15
1632412816.0,"Sep 23, 2021",16:00:16
1632412817.0,"Sep 23, 2021",16:00:17
1632412818.0,"Sep 23, 2021",16:00:18
1632412819.0,"Sep 23, 2021",16:00:19
1632412820.0,"Sep 23, 2021",16:00:20
1632412821.0,"Sep 23, 2021",16:00:21
1632412822.0,"Sep 23, 2021",16:00:22
1632412823.0,"Sep 23, 2021",16:00:23
1632412824.0,"Sep 23, 2021",16:00:24
1632412825.0,"Sep 23, 2021",16:00:25
1632412826.0,"Sep 23, 2021",16:00:26
1632412827.0,"Sep 23, 2021",16:00:27
1632412828.0,"Sep 23, 2021",16:00:28
1632412829.0,"Sep 23, 2021",16:00:29
1632412830.0,"Sep 23, 2021",16:00:30
1632412831.0,"Sep 23, 2021",16:00:31
1632412832.0,"Sep 23, 2021",16:00:32
1632412833.0,"Sep 23, 2021",16:00:33
1632412834.0,"Sep 23, 2021",16:00:34
1632412835.0,"Sep 23, 2021",16:00:35
1632412836.0,"Sep 23, 2021",16:00:36
1632412837.0,"Sep 23, 2021",16:00:37
1632412838.0,"Sep 23, 2021",16:00:38
1632412839.0,"Sep 23, 2021",16:00:39
1632412840.0,"Sep 23, 2021",16:00:40
1632412841.0,"Sep 23, 2021",16:00:41
1632412842.0,"Sep 23, 2021",16:00:42
1632412843.0,"Sep 23, 2021",16:00:43
1632412844.0,"Sep 23, 2021",16:00:44
1632412845.0,"Sep 23, 2021",16:00:45
1632412846.0,"Sep 23, 2021",16:00:46
1632412847.0,"Sep 23, 2021",16:00:47
1632412848.0,"Sep 23, 2021",16:00:48
1632412849.0,"Sep 23, 2021",16:00:49
1632412850.0,"Sep 23, 2021",16:00:50
1632412851.0,"Sep 23, 2021",16:00:51
1632412852.0,"Sep 23, 2021",16:00:52
1632412853.0,"Sep 23, 2021",16:00:53
1632412854.0,"Sep 23, 2021",16:00:54
1632412855.0,"Sep 23, 2021",16:00:55
1632412856.0,"Sep 23, 2021",16:00:56
1632412857.0,"Sep 23, 2021",16:00:57
1632412858.0,"Sep 23, 2021",16:00:58
1632412859.0,"Sep 23, 2021",16:00:59
1632412860.0,"Sep 23, 2021",16:01:00
1632412861.0,"Sep 23, 2021",16:01:01
1632412862.0,"Sep 23, 2021",16:01:02
1632412863.0,"Sep 23, 2021",16:01:03
1632412864.0,"Sep 23, 2021",16:01:04
1632412865.0,"Sep 23, 2021",16:01:05
1632412866.0,"Sep 23, 2021",16:01:06
1632412867.0,"Sep 23, 2021",16:01:07
1632412868.0,"Sep 23, 2021",16:01:08
1632412869.0,"Sep 23, 2021",16:01:09
1632412870.0,"Sep 23, 2021",16:01:10
1632412871.0,"Sep 23, 2021",16:01:11
1632412872.0,"Sep 23, 2021",16:01:12
1632412873.0,"Sep 23, 2021",16:01:13
1632412874.0,"Sep 23, 2021",16:01:14
1632412875.0,"Sep 23, 2021",16:01:15
1632412876.0,"Sep 23, 2021",16:01:16
1632412877.0,"Sep 23, 2021",16:01:17
1632412878.0,"Sep 23, 2021",16:01:18
1632412879.0,"Sep 23, 2021",16:01:19
1632412880.0,"Sep 23, 2021",16:01:20
1632412881.0,"Sep 23, 2021",16:01:21
1632412882.0,"Sep 23, 2021",16:01:22
1632412883.0,"Sep 23, 2021",16:01:23
1632412884.0,"Sep 23, 2021",16:01:24
1632412885.0,"Sep 23, 2021",16:01:25
1632412886.0,"Sep 23, 2021",16:01:26
1632412887.0,"Sep 23, 2021",16:01:27
1632412888.0,"Sep 23, 2021",16:01:28
1632412889.0,"Sep 23, 2021",16:01:29
1632412890.0,"Sep 23, 2021",16:01:30
1632412891.0,"Sep 23, 2021",16:01:31
1632412892.0,"Sep 23, 2021",16:01:32
1632412893.0,"Sep 23, 2021",16:01:33
1632412894.0,"Sep 23, 2021",16:01:34
1632412895.0,"Sep 23, 2021",16:01:35
1632412896.0,"Sep 23, 2021",16:01:36
1632412897.0,"Sep 23, 2021",16:01:37
1632412898.0,"Sep 23, 2021",16:01:38
1632412899.0,"Sep 23, 2021",16:01:39
1632412900.0,"Sep 23, 2021",16:01:40
1632412901.0,"Sep 23, 2021",16:01:41
1632412902.0,"Sep 23, 2021",16:01:42
1632412903.0,"Sep 23, 2021",16:01:43
1632412904.0,"Sep 23, 2021",16:01:44
1632412905.0,"Sep 23, 2021",16:01:45
1632412906.0,"Sep 23, 2021",16:01:46
1632412907.0,"Sep 23, 2021",16:01:47
1632412908.0,"Sep 23, 2021",16:01:48
1632412909.0,"Sep 23, 2021",16:01:49
1632412910.0,"Sep 23, 2021",16:01:50
1632412911.0,"Sep 23, 2021",16:01:51
1632412912.0,"Sep 23, 2021",16:01:52
1632412913.0,"Sep 23, 2021",16:01:53
1632412914.0,"Sep 23, 2021",16:01:54
1632412915.0,"Sep 23, 2021",16:01:55
1632412916.0,"Sep 23, 2021",16:01:56
1632412917.0,"Sep 23, 2021",16:01:57
1632412918.0,"Sep 23, 2021",16:01:58
1632412919.0,"Sep 23, 2021",16:01:59
1632412920.0,"Sep 23, 2021",16:02:00
1632412921.0,"Sep 23, 2021",16:02:01
1632412922.0,"Sep 23, 2021",16:02:02
1632412923.0,"Sep 23, 2021",16:02:03
1632412924.0,"Sep 23, 2021",16:02:04
1632412925.0,"Sep 23, 2021",16:02:05
1632412926.0,"Sep 23, 2021",16:02:06
1632412927.0,"Sep 23, 2021",16:02:07
1632412928.0,"Sep 23, 2021",16:02:08
1632412929.0,"Sep 23, 2021",16:02:09
1632412930.0,"Sep 23, 2021",16:02:10
1632412931.0,"Sep 23, 2021",16:02:11
1632412932.0,"Sep 23, 2021",16:02:12
1632412933.0,"Sep 23, 2021",16:02:13
1632412934.0,"Sep 23, 2021",16:02:14
1632412935.0,"Sep 23, 2021",16:02:15
1632412936.0,"Sep 23, 2021",16:02:16
1632412937.0,"Sep 23, 2021",16:02:17
1632412938.0,"Sep 23, 2021",16:02:18
1632412939.0,"Sep 23, 2021",16:02:19
1632412940.0,"Sep 23, 2021",16:02:20
1632412941.0,"Sep 23, 2021",16:02:21
1632412942.0,"Sep 23, 2021",16:02:22
1632412943.0,"Sep 23, 2021",16:02:23
1632412944.0,"Sep 23, 2021",16:02:24
1632412945.0,"Sep 23, 2021",16:02:25
1632412946.0,"Sep 23, 2021",16:02:26
1632412947.0,"Sep 23, 2021",16:02:27
1632412948.0,"Sep 23, 2021",16:02:28
1632412949.0,"Sep 23, 2021",16:02:29
1632412950.0,"Sep 23, 2021",16:02:30
1632412951.0,"Sep 23, 2021",16:02:31
1632412952.0,"Sep 23, 2021",16:02:32
1632412953.0,"Sep 23, 2021",16:02:33
1632412954.0,"Sep 23, 2021",16:02:34
1632412955.0,"Sep 23, 2021",16:02:35
1632412956.0,"Sep 23, 2021",16:02:36
1632412957.0,"Sep 23, 2021",16:02:37
1632412958.0,"Sep 23, 2021",16:02:38
1632412959.0,"Sep 23, 2021",16:02:39
1632412960.0,"Sep 23, 2021",16:02:40
1632412961.0,"Sep 23, 2021",16:02:41
1632412962.0,"Sep 23, 2021",16:02:42
1632412963.0,"Sep 23, 2021",16:02:43
1632412964.0,"Sep 23, 2021",16:02:44
1632412965.0,"Sep 23, 2021",16:02:45
1632412966.0,"Sep 23, 2021",16:02:46
1632412967.0,"Sep 23, 2021",16:02:47
1632412968.0,"Sep 23, 2021",16:02:48
1632412969.0,"Sep 23, 2021",16:02:49
1632412970.0,"Sep 23, 2021",16:02:50
1632412971.0,"Sep 23, 2021",16:02:51
1632412972.0,"Sep 23, 2021",16:02:52
1632412973.0,"Sep 23, 2021",16:02:53
1632412974.0,"Sep 23, 2021",16:02:54
1632412975.0,"Sep 23, 2021",16:02:55
1632412976.0,"Sep 23, 2021",16:02:56
1632412977.0,"Sep 23, 2021",16:02:57
1632412978.0,"Sep 23, 2021",16:02:58
1632412979.0,"Sep 23, 2021",16:02:59
1632412980.0,"Sep 23, 2021",16:03:00
1632412981.0,"Sep 23, 2021",16:03:01
1632412982.0,"Sep 23, 2021",16:03:02
1632412983.0,"Sep 23, 2021",16:03:03
1632412984.0,"Sep 23, 2021",16:03:04
1632412985.0,"Sep 23, 2021",16:03:05
1632412986.0,"Sep 23, 2021",16:03:06
1632412987.0,"Sep 23, 2021",16:03:07
1632412988.0,"Sep 23, 2021",16:03:08
1632412989.0,"Sep 23, 2021",16:03:09
1632412990.0,"Sep 23, 2021",16:03:10
1632412991.0,"Sep 23, 2021",16:03:11
1632412992.0,"Sep 23, 2021",16:03:12
1632412993.0,"Sep 23, 2021",16:03:13
1632412994.0,"Sep 23, 2021",16:03:14
1632412995.0,"Sep 23, 2021",16:03:15
1632412996.0,"Sep 23, 2021",16:03:16
1632412997.0,"Sep 23, 2021",16:03:17
1632412998.0,"Sep 23, 2021",16:03:18
1632412999.0,"Sep 23, 2021",16:03:19
1632413000.0,"Sep 23, 2021",16:03:20
1632413001.0,"Sep 23, 2021",16:03:21
1632413002.0,"Sep 23, 2021",16:03:22
1632413003.0,"Sep 23, 2021",16:03:23
1632413004.0,"Sep 23, 2021",16:03:24
1632413005.0,"Sep 23, 2021",16:03:25
1632413006.0,"Sep 23, 2021",16:03:26
1632413007.0,"Sep 23, 2021",16:03:27
1632413008.0,"Sep 23, 2021",16:03:28
1632413009.0,"Sep 23, 2021",16:03:29
1632413010.0,"Sep 23, 2021",16:03:30
1632413011.0,"Sep 23, 2021",16:03:31
1632413012.0,"Sep 23, 2021",16:03:32
1632413013.0,"Sep 23, 2021",16:03:33
1632413014.0,"Sep 23, 2021",16:03:34
1632413015.0,"Sep 23, 2021",16:03:35
1632413016.0,"Sep 23, 2021",16:03:36
1632413017.0,"Sep 23, 2021",16:03:37
1632413018.0,"Sep 23, 2021",16:03:38
1632413019.0,"Sep 23, 2021",16:03:39,-19436.000000
1632413020.0,"Sep 23, 2021",16:03:40,-18245.134871
1632413021.0,"Sep 23, 2021",16:03:41,-16327.557102
1632413022.0,"Sep 23, 2021",16:03:42,-14625.494112
1632413023.0,"Sep 23, 2021",16:03:43,-12888.400230
1632413024.0,"Sep 23, 2021",16:03:44,-11123.455337
1632413025.0,"Sep 23, 2021",16:03:45,-9381.065770
1632413026.0,"Sep 23, 2021",16:03:46,-7614.388888
1632413027.0,"Sep 23, 2021",16:03:47,-6045.667772
1632413028.0,"Sep 23, 2021",16:03:48,-4096.360000
1632413029.0,"Sep 23, 2021",16:03:49,-2391.096000
1632413030.0,"Sep 23, 2021",16:03:50,-592.337336
1632413031.0,"Sep 23, 2021",16:03:51,1159.015775
1632413032.0,"Sep 23, 2021",16:03:52,2916.176000
1632413033.0,"Sep 23, 2021",16:03:53,4665.257776
1632413034.0,"Sep 23, 2021",16:03:54,6414.672113
1632413035.0,"Sep 23, 2021",16:03:55,8182.164888
1632413036.0,"Sep 23, 2021",16:03:56,9931.752000
1632413037.0,"Sep 23, 2021",16:03:57,11681.833112
1632413038.0,"Sep 23, 2021",16:03:58,13432.236337
1632413039.0,"Sep 23, 2021",16:03:59,15185.331336
1632413040.0,"Sep 23, 2021",16:04:00,16932.840000
1632413041.0,"Sep 23, 2021",16:04:01,18683.640000
1632413042.0,"Sep 23, 2021",16:04:02,20436.339774
1632413043.0,"Sep 23, 2021",16:04:03,22195.000000
1632413044.0,"Sep 23, 2021",16:04:04,23951.400112
1632413045.0,"Sep 23, 2021",16:04:05,25700.792000
1632413046.0,"Sep 23, 2021",16:04:06,27471.187888
1632413047.0,"Sep 23, 2021",16:04:07,29222.321661
1632413048.0,"Sep 23, 2021",16:04:08,30961.753658
1632413049.0,"Sep 23, 2021",16:04:09,-3890.732083
1632413050.0,"Sep 23, 2021",16:04:10,-31042.680113
1632413051.0,"Sep 23, 2021",16:04:11,-29287.776000
1632413052.0,"Sep 23, 2021",16:04:12,-27538.392224
1632413053.0,"Sep 23, 2021",16:04:13,-25786.946224
1632413054.0,"Sep 23, 2021",16:04:14,-24470.931872
1632413055.0,"Sep 23, 2021",16:04:15,-22189.245801
1632413056.0,"Sep 23, 2021",16:04:16,-20517.479887
1632413057.0,"Sep 23, 2021",16:04:17,-18756.248000
1632413058.0,"Sep 23, 2021",16:04:18,-17007.998113
1632413059.0,"Sep 23, 2021",16:04:19,-15247.367775
1632413060.0,"Sep 23, 2021",16:04:20,-13493.840000
1632413061.0,"Sep 23, 2021",16:04:21,-11735.320000
1632413062.0,"Sep 23, 2021",16:04:22,-9978.920000
1632413063.0,"Sep 23, 2021",16:04:23,-8231.936000
1632413064.0,"Sep 23, 2021",16:04:24,-6476.500224
1632413065.0,"Sep 23, 2021",16:04:25,-4724.114113
1632413066.0,"Sep 23, 2021",16:04:26,-2971.689888
1632413067.0,"Sep 23, 2021",16:04:27,-1225.904000
1632413068.0,"Sep 23, 2021",16:04:28,532.306113
1632413069.0,"Sep 23, 2021",16:04:29,2292.090226
1632413070.0,"Sep 23, 2021",16:04:30,4057.294888
1632413071.0,"Sep 23, 2021",16:04:31,5813.821887
1632413072.0,"Sep 23, 2021",16:04:32,7569.827113
1632413073.0,"Sep 23, 2021",16:04:33,9328.799112
1632413074.0,"Sep 23, 2021",16:04:34,11084.731888
1632413075.0,"Sep 23, 2021",16:04:35,12835.078226
1632413076.0,"Sep 23, 2021",16:04:36,14584.198887
1632413077.0,"Sep 23, 2021",16:04:37,16344.968000
1632413078.0,"Sep 23, 2021",16:04:38,18105.487775
1632413079.0,"Sep 23, 2021",16:04:39,19846.419887
1632413080.0,"Sep 23, 2021",16:04:40,21630.000000
1632413081.0,"Sep 23, 2021",16:04:41,23376.713887
1632413082.0,"Sep 23, 2021",16:04:42,25135.234888
1632413083.0,"Sep 23, 2021",16:04:43,26886.172887
1632413084.0,"Sep 23, 2021",16:04:44,28646.734663
1632413085.0,"Sep 23, 2021",16:04:45,30400.229663
1632413086.0,"Sep 23, 2021",16:04:46,613.115081
1632413087.0,"Sep 23, 2021",16:04:47,-31624.460000
1632413088.0,"Sep 23, 2021",16:04:48,-29926.119118
1632413089.0,"Sep 23, 2021",16:04:49,-28123.927112
1632413090.0,"Sep 23, 2021",16:04:50,-26370.486112
1632413091.0,"Sep 23, 2021",16:04:51,-24643.143769
1632413092.0,"Sep 23, 2021",16:04:52,-22841.662889
1632413093.0,"Sep 23, 2021",16:04:53,-21105.720000
1632413094.0,"Sep 23, 2021",16:04:54,-19340.816664
1632413095.0,"Sep 23, 2021",16:04:55,-17596.906887
1632413096.0,"Sep 23, 2021",16:04:56,-15834.749888
1632413097.0,"Sep 23, 2021",16:04:57,-14088.716000
1632413098.0,"Sep 23, 2021",16:04:58,-12334.479887
1632413099.0,"Sep 23, 2021",16:04:59,-10579.700112
1632413100.0,"Sep 23, 2021",16:05:00,-8823.760000
1632413101.0,"Sep 23, 2021",16:05:01,-7065.942887
1632413102.0,"Sep 23, 2021",16:05:02,-5309.968225
1632413103.0,"Sep 23, 2021",16:05:03,-3556.566112
1632413104.0,"Sep 23, 2021",16:05:04,-1805.928000
1632413105.0,"Sep 23, 2021",16:05:05,-50.228887
1632413106.0,"Sep 23, 2021",16:05:06,1715.915888
1632413107.0,"Sep 23, 2021",16:05:07,3467.753776
1632413108.0,"Sep 23, 2021",16:05:08,5215.398225
1632413109.0,"Sep 23, 2021",16:05:09,6976.744000
1632413110.0,"Sep 23, 2021",16:05:10,8735.230113
1632413111.0,"Sep 23, 2021",16:05:11,10491.120000
1632413112.0,"Sep 23, 2021",16:05:12,12247.600225
1632413113.0,"Sep 23, 2021",16:05:13,14009.989337
1632413114.0,"Sep 23, 2021",16:05:14,15753.824887
1632413115.0,"Sep 23, 2021",16:05:15,17514.735774
1632413116.0,"Sep 23, 2021",16:05:16,19283.040000
1632413117.0,"Sep 23, 2021",16:05:17,21032.480225
1632413118.0,"Sep 23, 2021",16:05:18,22800.749888
1632413119.0,"Sep 23, 2021",16:05:19,24541.732000
1632413120.0,"Sep 23, 2021",16:05:20,26312.235112
1632413121.0,"Sep 23, 2021",16:05:21,28062.071112
1632413122.0,"Sep 23, 2021",16:05:22,29792.834887
1632413123.0,"Sep 23, 2021",16:05:23,31551.656000
1632413124.0,"Sep 23, 2021",16:05:24,8423.940000
1632413125.0,"Sep 23, 2021",16:05:25,-30456.959887
1632413126.0,"Sep 23, 2021",16:05:26,-28694.964112
1632413127.0,"Sep 23, 2021",16:05:27,-26940.959887
1632413128.0,"Sep 23, 2021",16:05:28,-25185.864000
1632413129.0,"Sep 23, 2021",16:05:29,-23425.364663
1632413130.0,"Sep 23, 2021",16:05:30,-21673.282113
1632413131.0,"Sep 23, 2021",16:05:31,-19909.374888
1632413132.0,"Sep 23, 2021",16:05:32,-18158.792000
1632413133.0,"Sep 23, 2021",16:05:33,-16401.378888
1632413134.0,"Sep 23, 2021",16:05:34,-14647.690226
1632413135.0,"Sep 23, 2021",16:05:35,-12886.910225
1632413136.0,"Sep 23, 2021",16:05:36,-11131.667112
1632413137.0,"Sep 23, 2021",16:05:37,-9382.305339
1632413138.0,"Sep 23, 2021",16:05:38,-7615.749888
1632413139.0,"Sep 23, 2021",16:05:39,-5869.120338
1632413140.0,"Sep 23, 2021",16:05:40,-4120.036662
1632413141.0,"Sep 23, 2021",16:05:41,-2347.402224
1632413142.0,"Sep 23, 2021",16:05:42,-596.088000
1632413143.0,"Sep 23, 2021",16:05:43,1147.155113
1632413144.0,"Sep 23, 2021",16:05:44,2901.111113
1632413145.0,"Sep 23, 2021",16:05:45,4677.861776
1632413146.0,"Sep 23, 2021",16:05:46,6425.404112
1632413147.0,"Sep 23, 2021",16:05:47,8174.748226
1632413148.0,"Sep 23, 2021",16:05:48,9938.464336
1632413149.0,"Sep 23, 2021",16:05:49,11690.510113
1632413150.0,"Sep 23, 2021",16:05:50,13439.419773
1632413151.0,"Sep 23, 2021",16:05:51,15214.749888
1632413152.0,"Sep 23, 2021",16:05:52,16956.568000
1632413153.0,"Sep 23, 2021",16:05:53,18728.696000
1632413154.0,"Sep 23, 2021",16:05:54,20485.249775
1632413155.0,"Sep 23, 2021",16:05:55,22237.799776
1632413156.0,"Sep 23, 2021",16:05:56,23986.843888
1632413157.0,"Sep 23, 2021",16:05:57,25737.943664
1632413158.0,"Sep 23, 2021",16:05:58,27484.993662
1632413159.0,"Sep 23, 2021",16:05:59,29244.408000
1632413160.0,"Sep 23, 2021",16:06:00,30999.946226
1632413161.0,"Sep 23, 2021",16:06:01,10345.179835
1632413162.0,"Sep 23, 2021",16:06:02,-31025.750336
1632413163.0,"Sep 23, 2021",16:06:03,-29275.789775
1632413164.0,"Sep 23, 2021",16:06:04,-27525.858113
1632413165.0,"Sep 23, 2021",16:06:05,-25758.209777
1632413166.0,"Sep 23, 2021",16:06:06,-24017.485776
1632413167.0,"Sep 23, 2021",16:06:07,-22271.684000
1632413168.0,"Sep 23, 2021",16:06:08,-20504.250112
1632413169.0,"Sep 23, 2021",16:06:09,-18760.676000
1632413170.0,"Sep 23, 2021",16:06:10,-17001.084888
1632413171.0,"Sep 23, 2021",16:06:11,-15252.586113
1632413172.0,"Sep 23, 2021",16:06:12,-13498.870225
1632413173.0,"Sep 23, 2021",16:06:13,-11741.830224
1632413174.0,"Sep 23, 2021",16:06:14,-9991.180225
1632413175.0,"Sep 23, 2021",16:06:15,-8238.720000
1632413176.0,"Sep 23, 2021",16:06:16,-6482.442337
1632413177.0,"Sep 23, 2021",16:06:17,-4729.350113
1632413178.0,"Sep 23, 2021",16:06:18,-2968.522224
1632413179.0,"Sep 23, 2021",16:06:19,-1219.488888
1632413180.0,"Sep 23, 2021",16:06:20,537.972000
1632413181.0,"Sep 23, 2021",16:06:21,2287.466224
1632413182.0,"Sep 23, 2021",16:06:22,4039.676337
1632413183.0,"Sep 23, 2021",16:06:23,5795.997337
1632413184.0,"Sep 23, 2021",16:06:24,7541.953775
1632413185.0,"Sep 23, 2021",16:06:25,9306.017888
1632413186.0,"Sep 23, 2021",16:06:26,11062.090225
1632413187.0,"Sep 23, 2021",16:06:27,12816.602887
1632413188.0,"Sep 23, 2021",16:06:28,14574.334888
1632413189.0,"Sep 23, 2021",16:06:29,16326.948000
1632413190.0,"Sep 23, 2021",16:06:30,18072.116112
1632413191.0,"Sep 23, 2021",16:06:31,19818.190338
1632413192.0,"Sep 23, 2021",16:06:32,21583.939112
1632413193.0,"Sep 23, 2021",16:06:33,23334.183112
1632413194.0,"Sep 23, 2021",16:06:34,25082.540000
1632413195.0,"Sep 23, 2021",16:06:35,26836.924000
1632413196.0,"Sep 23, 2021",16:06:36,28591.985888
1632413197.0,"Sep 23, 2021",16:06:37,30342.477663
1632413198.0,"Sep 23, 2021",16:06:38,11976.324247
1632413199.0,"Sep 23, 2021",16:06:39,-31689.504662
1632413200.0,"Sep 23, 2021",16:06:40,-29934.696000
1632413201.0,"Sep 23, 2021",16:06:41,-28183.931888
1632413202.0,"Sep 23, 2021",16:06:42,-26433.759887
1632413203.0,"Sep 23, 2021",16:06:43,-24670.895776
1632413204.0,"Sep 23, 2021",16:06:44,-22922.100000
1632413205.0,"Sep 23, 2021",16:06:45,-21178.766341
1632413206.0,"Sep 23, 2021",16:06:46,-19402.384226
1632413207.0,"Sep 23, 2021",16:06:47,-17636.953112
1632413208.0,"Sep 23, 2021",16:06:48,-15887.408000
1632413209.0,"Sep 23, 2021",16:06:49,-14152.696114
1632413210.0,"Sep 23, 2021",16:06:50,-12368.323888
1632413211.0,"Sep 23, 2021",16:06:51,-10617.453887
1632413212.0,"Sep 23, 2021",16:06:52,-8884.612112
1632413213.0,"Sep 23, 2021",16:06:53,-7103.136000
1632413214.0,"Sep 23, 2021",16:06:54,-5351.925775
1632413215.0,"Sep 23, 2021",16:06:55,-3591.712000
1632413216.0,"Sep 23, 2021",16:06:56,-1842.544662
1632413217.0,"Sep 23, 2021",16:06:57,-84.148000
1632413218.0,"Sep 23, 2021",16:06:58,1667.665112
1632413219.0,"Sep 23, 2021",16:06:59,3422.099112
1632413220.0,"Sep 23, 2021",16:07:00,5170.749888
1632413221.0,"Sep 23, 2021",16:07:01,6917.073887
1632413222.0,"Sep 23, 2021",16:07:02,8675.275113
1632413223.0,"Sep 23, 2021",16:07:03,10439.971112
1632413224.0,"Sep 23, 2021",16:07:04,12190.366112
1632413225.0,"Sep 23, 2021",16:07:05,13940.760000
1632413226.0,"Sep 23, 2021",16:07:06,15690.739774
1632413227.0,"Sep 23, 2021",16:07:07,17457.869775
1632413228.0,"Sep 23, 2021",16:07:08,19211.387888
1632413229.0,"Sep 23, 2021",16:07:09,20967.660888
1632413230.0,"Sep 23, 2021",16:07:10,22430.155125
1632413231.0,"Sep 23, 2021",16:07:11,24317.080000
1632413232.0,"Sep 23, 2021",16:07:12,26346.924694
1632413233.0,"Sep 23, 2021",16:07:13,27972.175888
1632413234.0,"Sep 23, 2021",16:07:14,29721.094112
1632413235.0,"Sep 23, 2021",16:07:15,18032.769081
1632413236.0,"Sep 23, 2021",16:07:16,-32308.240113
1632413237.0,"Sep 23, 2021",16:07:17,-30545.328888
1632413238.0,"Sep 23, 2021",16:07:18,-28777.499776
1632413239.0,"Sep 23, 2021",16:07:19,-27032.560113
1632413240.0,"Sep 23, 2021",16:07:20,-25286.740662
1632413241.0,"Sep 23, 2021",16:07:21,-23516.886113
1632413242.0,"Sep 23, 2021",16:07:22,-21746.952888
1632413243.0,"Sep 23, 2021",16:07:23,-20003.556337
1632413244.0,"Sep 23, 2021",16:07:24,-18257.126662
1632413245.0,"Sep 23, 2021",16:07:25,-16490.292223
1632413246.0,"Sep 23, 2021",16:07:26,-14740.755337
1632413247.0,"Sep 23, 2021",16:07:27,-12991.020000
1632413248.0,"Sep 23, 2021",16:07:28,-11243.457887
1632413249.0,"Sep 23, 2021",16:07:29,-9483.789775
1632413250.0,"Sep 23, 2021",16:07:30,-7724.367888
1632413251.0,"Sep 23, 2021",16:07:31,-5967.319662
1632413252.0,"Sep 23, 2021",16:07:32,-4295.629881
1632413253.0,"Sep 23, 2021",16:07:33,-2443.361776
1632413254.0,"Sep 23, 2021",16:07:34,-682.432000
1632413255.0,"Sep 23, 2021",16:07:35,1070.250112
1632413256.0,"Sep 23, 2021",16:07:36,2822.148000
1632413257.0,"Sep 23, 2021",16:07:37,4571.251774
1632413258.0,"Sep 23, 2021",16:07:38,6330.764888
1632413259.0,"Sep 23, 2021",16:07:39,8082.209775
1632413260.0,"Sep 23, 2021",16:07:40,9840.288000
1632413261.0,"Sep 23, 2021",16:07:41,11589.777775
1632413262.0,"Sep 23, 2021",16:07:42,13225.830637
1632413263.0,"Sep 23, 2021",16:07:43,15112.818888
1632413264.0,"Sep 23, 2021",16:07:44,16877.980888
1632413265.0,"Sep 23, 2021",16:07:45,18624.187888
1632413266.0,"Sep 23, 2021",16:07:46,20378.288000
1632413267.0,"Sep 23, 2021",16:07:47,22128.989775
1632413268.0,"Sep 23, 2021",16:07:48,23884.439887
1632413269.0,"Sep 23, 2021",16:07:49,25647.321112
1632413270.0,"Sep 23, 2021",16:07:50,27397.059775
1632413271.0,"Sep 23, 2021",16:07:51,29153.853887
1632413272.0,"Sep 23, 2021",16:07:52,30917.544000
1632413273.0,"Sep 23, 2021",16:07:53,28346.264164
1632413274.0,"Sep 23, 2021",16:07:54,-31115.616000
1632413275.0,"Sep 23, 2021",16:07:55,-29361.560888
1632413276.0,"Sep 23, 2021",16:07:56,-27608.497888
1632413277.0,"Sep 23, 2021",16:07:57,-25854.434888
1632413278.0,"Sep 23, 2021",16:07:58,-24101.251775
1632413279.0,"Sep 23, 2021",16:07:59,-22356.488000
1632413280.0,"Sep 23, 2021",16:08:00,-20575.690888
1632413281.0,"Sep 23, 2021",16:08:01,-18827.851112
1632413282.0,"Sep 23, 2021",16:08:02,-17072.832000
1632413283.0,"Sep 23, 2021",16:08:03,-15321.529888
1632413284.0,"Sep 23, 2021",16:08:04,-13564.592112
1632413285.0,"Sep 23, 2021",16:08:05,-11823.474888
1632413286.0,"Sep 23, 2021",16:08:06,-10073.636000
1632413287.0,"Sep 23, 2021",16:08:07,-8326.901774
1632413288.0,"Sep 23, 2021",16:08:08,-6561.144000
1632413289.0,"Sep 23, 2021",16:08:09,-4815.703336
1632413290.0,"Sep 23, 2021",16:08:10,-3062.904000
1632413291.0,"Sep 23, 2021",16:08:11,-1312.515337
1632413292.0,"Sep 23, 2021",16:08:12,444.096000
1632413293.0,"Sep 23, 2021",16:08:13,2190.795336
1632413294.0,"Sep 23, 2021",16:08:14,3940.088000
1632413295.0,"Sep 23, 2021",16:08:15,5687.036888
1632413296.0,"Sep 23, 2021",16:08:16,7443.708888
1632413297.0,"Sep 23, 2021",16:08:17,9187.880225
1632413298.0,"Sep 23, 2021",16:08:18,10951.040000
1632413299.0,"Sep 23, 2021",16:08:19,12698.614224
1632413300.0,"Sep 23, 2021",16:08:20,14448.252000
1632413301.0,"Sep 23, 2021",16:08:21,16208.804225
1632413302.0,"Sep 23, 2021",16:08:22,17959.839775
1632413303.0,"Sep 23, 2021",16:08:23,19709.420000
1632413304.0,"Sep 23, 2021",16:08:24,21460.240000
1632413305.0,"Sep 23, 2021",16:08:25,23234.250112
1632413306.0,"Sep 23, 2021",16:08:26,24974.274886
1632413307.0,"Sep 23, 2021",16:08:27,26759.142112
1632413308.0,"Sep 23, 2021",16:08:28,28505.439112
1632413309.0,"Sep 23, 2021",16:08:29,30260.630225
1632413310.0,"Sep 23, 2021",16:08:30,30375.462754
1632413311.0,"Sep 23, 2021",16:08:31,-31777.483887
1632413312.0,"Sep 23, 2021",16:08:32,-30012.020000
1632413313.0,"Sep 23, 2021",16:08:33,-28262.900000
1632413314.0,"Sep 23, 2021",16:08:34,-26511.482224
1632413315.0,"Sep 23, 2021",16:08:35,-24758.768888
1632413316.0,"Sep 23, 2021",16:08:36,-23014.888000
1632413317.0,"Sep 23, 2021",16:08:37,-21257.968000
1632413318.0,"Sep 23, 2021",16:08:38,-19509.402225
1632413319.0,"Sep 23, 2021",16:08:39,-17769.920000
1632413320.0,"Sep 23, 2021",16:08:40,-15984.484111
1632413321.0,"Sep 23, 2021",16:08:41,-14257.500224
1632413322.0,"Sep 23, 2021",16:08:42,-12507.450225
1632413323.0,"Sep 23, 2021",16:08:43,-10752.490224
1632413324.0,"Sep 23, 2021",16:08:44,-9004.968000
1632413325.0,"Sep 23, 2021",16:08:45,-7251.024000
1632413326.0,"Sep 23, 2021",16:08:46,-5505.728888
1632413327.0,"Sep 23, 2021",16:08:47,-3757.996000
1632413328.0,"Sep 23, 2021",16:08:48,-2005.259664
1632413329.0,"Sep 23, 2021",16:08:49,-262.481775
1632413330.0,"Sep 23, 2021",16:08:50,1498.253112
1632413331.0,"Sep 23, 2021",16:08:51,3245.757887
1632413332.0,"Sep 23, 2021",16:08:52,5002.000000
1632413333.0,"Sep 23, 2021",16:08:53,6750.250112
1632413334.0,"Sep 23, 2021",16:08:54,8506.000000
1632413335.0,"Sep 23, 2021",16:08:55,10257.489775
1632413336.0,"Sep 23, 2021",16:08:56,12009.976000
1632413337.0,"Sep 23, 2021",16:08:57,13765.737888
1632413338.0,"Sep 23, 2021",16:08:58,15521.880000
1632413339.0,"Sep 23, 2021",16:08:59,17277.487776
1632413340.0,"Sep 23, 2021",16:09:00,19034.912000
1632413341.0,"Sep 23, 2021",16:09:01,20786.984000
1632413342.0,"Sep 23, 2021",16:09:02,22540.735888
1632413343.0,"Sep 23, 2021",16:09:03,24292.059886
1632413344.0,"Sep 23, 2021",16:09:04,26056.427887
1632413345.0,"Sep 23, 2021",16:09:05,27824.689888
1632413346.0,"Sep 23, 2021",16:09:06,29573.764888
1632413347.0,"Sep 23, 2021",16:09:07,31331.840000
1632413348.0,"Sep 23, 2021",16:09:08,-31456.400919
1632413349.0,"Sep 23, 2021",16:09:09,-30678.592113
1632413350.0,"Sep 23, 2021",16:09:10,-28921.032000
1632413351.0,"Sep 23, 2021",16:09:11,-27165.852226
1632413352.0,"Sep 23, 2021",16:09:12,-25414.728888
1632413353.0,"Sep 23, 2021",16:09:13,-23668.252000
1632413354.0,"Sep 23, 2021",16:09:14,-21922.088112
1632413355.0,"Sep 23, 2021",16:09:15,-20154.810115
1632413356.0,"Sep 23, 2021",16:09:16,-18395.664000
1632413357.0,"Sep 23, 2021",16:09:17,-16634.776661
1632413358.0,"Sep 23, 2021",16:09:18,-14884.956226
1632413359.0,"Sep 23, 2021",16:09:19,-13121.855768
1632413360.0,"Sep 23, 2021",16:09:20,-11368.554888
1632413361.0,"Sep 23, 2021",16:09:21,-9636.305773
1632413362.0,"Sep 23, 2021",16:09:22,-7864.901346
1632413363.0,"Sep 23, 2021",16:09:23,-6098.208890
1632413364.0,"Sep 23, 2021",16:09:24,-4349.599770
1632413365.0,"Sep 23, 2021",16:09:25,-2601.499886
1632413366.0,"Sep 23, 2021",16:09:26,-823.999886
1632413367.0,"Sep 23, 2021",16:09:27,-602.000000
